<?xml version="1.0" encoding="utf-8"?>
<meta>
    <info author="Angel MTA" version="1.0.0" name="Dominicana Dembow RP - Lottery" type="script"/>
    <script src="server.lua" type="server"/>
    <script src="client.lua" type="client"/>
    <oop>true</oop>

    <!-- Editable settings (you can change these in meta.xml or via Admin Panel -> Resources -> Settings) -->
    <settings>
        <setting name="*draw_interval_minutes" value="5" friendlyname="Lottery: Draw interval (minutes)" type="number"/>
        <setting name="*min_bet" value="100" friendlyname="Lottery: Minimum bet ($)" type="number"/>
        <setting name="*max_bet" value="1000000" friendlyname="Lottery: Maximum bet ($)" type="number"/>
        <setting name="*payout_multiplier" value="70" friendlyname="Lottery: Payout multiplier (x)" type="number"/>
        <setting name="*lock_seconds_before_draw" value="10" friendlyname="Lottery: Lock betting N seconds before draw" type="number"/>
        <setting name="*marker_x" value="1480.0" friendlyname="Marker X" type="number"/>
        <setting name="*marker_y" value="-1740.0" friendlyname="Marker Y" type="number"/>
        <setting name="*marker_z" value="13.5" friendlyname="Marker Z" type="number"/>
        <setting name="*marker_dimension" value="0" friendlyname="Marker Dimension" type="number"/>
        <setting name="*marker_interior" value="0" friendlyname="Marker Interior" type="number"/>
        <setting name="*blip_icon" value="52" friendlyname="Blip Icon ID (default: casino chip)" type="number"/>
        <setting name="*blip_color_r" value="255" friendlyname="Blip Color R" type="number"/>
        <setting name="*blip_color_g" value="215" friendlyname="Blip Color G" type="number"/>
        <setting name="*blip_color_b" value="0" friendlyname="Blip Color B" type="number"/>
    </settings>
</meta>
